Region;Branch;Site Code;Site Name;City;Province
REGION 1;DKI 4;2019;2019 - EIGER Adventure Flagship Store Margonda Depok;KOTA DEPOK;JAWA BARAT
REGION 1;DKI 3;2065;2065 - EIGER Adventure Store Juanda Ciputat Tangerang;KOTA TANGERANG SELATAN;BANTEN
REGION 1;DKI 1;2310;2310 - EIGER Adventure Store Meruya Grogol Petamburan;KOTA JAKARTA BARAT;DKI JAKARTA
REGION 1;DKI 1;2054;2054 - EIGER Adventure Flagship Store Radio Dalam Kebayoran Baru;KOTA JAKARTA SELATAN;DKI JAKARTA
REGION 1;DKI 3;2233;2233 - EIGER Adventure Store A.Yani Cilegon;KOTA CILEGON;BANTEN
REGION 2;SUMATERA 2;2370;2370 - EIGER Adventure Store Sutomo Padang;KOTA PADANG;SUMATERA BARAT
REGION 1;DKI 4;2457;2457 - EIGER Store Metland Cileungsi;KABUPATEN BOGOR;JAWA BARAT
REGION 1;DKI 4;7049;7049 - EIGER Adventure Store Tole Iskandar Depok;KOTA DEPOK;JAWA BARAT
REGION 1;DKI 2;2446;2446 - EIGER Adventure Store Lubang Buaya Cakung;KOTA JAKARTA TIMUR;DKI JAKARTA
REGION 1;DKI 2;2022;2022 - EIGER Adventure Store Buaran Cakung;KOTA JAKARTA TIMUR;DKI JAKARTA
REGION 1;DKI 2;2307;2307 - EIGER Adventure Store Tambun City Bekasi;KABUPATEN BEKASI;JAWA BARAT
REGION 2;JAWA BARAT 3;2200;2200 - EIGER Adventure Store Siliwangi Jatibarang Indramayu;KABUPATEN INDRAMAYU;JAWA BARAT
REGION 2;JAWA BARAT 2;2002;2002 - EIGER Adventure Flagship Store Sumatera Bandung;KOTA BANDUNG;JAWA BARAT
REGION 2;JAWA BARAT 1;2004;2004 - EIGER Adventure Flagship Store Cihampelas Bandung;KOTA BANDUNG;JAWA BARAT
REGION 2;JAWA BARAT 3;2094;2094 - EIGER Adventure Store Abdul Halim Majalengka;KABUPATEN MAJALENGKA;JAWA BARAT
REGION 1;DKI 4;2344;2344 - EIGER Adventure Store Akses UI Depok;KOTA DEPOK;JAWA BARAT
REGION 3;JAWA TENGAH 2;2117;2117 - EIGER Adventure Store Jen.Sudirman Purwokerto;KABUPATEN BANYUMAS;JAWA TENGAH
REGION 1;DKI 2;5085;5085 - EIGER Adventure Store Metropolitan Mall Bekasi;KOTA BEKASI;JAWA BARAT
REGION 3;JAWA TENGAH 1;2038;2038 - EIGER Adventure Store Kaliurang Yogyakarta;KOTA YOGYAKARTA;DIY
REGION 5;IBT 4;2377;2377 - EIGER Adventure Store Piere Tendean Manado;KOTA MANADO;SULAWESI UTARA
REGION 5;IBT 4;7037;7037 - EIGER Adventure Store Martadinata Manado;KOTA MANADO;SULAWESI UTARA
REGION 1;DKI 4;5182;5182 - EIGER Adventure Store Cibinong City Mall Cibinong;KABUPATEN BOGOR;JAWA BARAT
REGION 3;JAWA TENGAH 2;2030;2030 - EIGER Adventure Store Setiabudhi Semarang;KOTA SEMARANG;JAWA TENGAH
REGION 1;DKI 3;2204;2204 - EIGER Adventure Store Siliwangi Pamulang Tangerang;KOTA TANGERANG SELATAN;BANTEN
REGION 2;JAWA BARAT 3;2192;2192 - EIGER Adventure Store Letjen Suwarto Banjar;KOTA BANJAR;JAWA BARAT
REGION 3;JAWA TENGAH 2;2108;2108 - EIGER Adventure Store Majapahit Semarang;KOTA SEMARANG;JAWA TENGAH
REGION 1;DKI 1;2339;2339 - EIGER Adventure Store Pasar Minggu Kebayoran Baru;KOTA JAKARTA SELATAN;DKI JAKARTA
REGION 4;JAWA TIMUR 2;2376;2376 - EIGER Adventure Store S.Parman Malang;KOTA MALANG;JAWA TIMUR
REGION 3;SUMATERA 2;2443;2443 - ST EG AIR MOLEK INDRAGIRI HULU;KABUPATEN INDRAGIRI HULU;RIAU
REGION 3;SUMATERA 3;5045;5045 - EIGER Adventure Store Plaza Medan Fair Medan;KOTA MEDAN;SUMATERA UTARA
REGION 1;DKI 1;2212;2212 - EIGER Adventure Store Kemang Kebayoran Baru;KOTA JAKARTA SELATAN;DKI JAKARTA
REGION 2;JAWA BARAT 4;2119;2119 - EIGER Adventure Store Otto Iskandardinata Subang;KABUPATEN SUBANG;JAWA BARAT
REGION 1;DKI 1;5163;5163 - EIGER Adventure Store Citraland Mall Grogol Petamburan;KOTA JAKARTA BARAT;DKI JAKARTA
REGION 2;SUMATERA 1;2388;2388 - EIGER Adventure Store Mangkunegara Palembang;KOTA PALEMBANG;SUMATERA SELATAN
REGION 3;JAWA TENGAH 1;2039;2039 - EIGER Adventure Store Simanjuntak Yogyakarta;KOTA YOGYAKARTA;DIY
REGION 1;DKI 2;2436;2436 - Eiger Adventure Store Condet Jakarta;KOTA JAKARTA TIMUR;DKI JAKARTA
REGION 4;JAWA TIMUR 1;2210;2210 - EIGER Adventure Flagship Store Soekarno Surabaya;KOTA SURABAYA;JAWA TIMUR
REGION 1;DKI 2;2043;2043 - EIGER Adventure Store HM Joyo Martono Bekasi;KOTA BEKASI;JAWA BARAT
REGION 1;DKI 3;2190;2190 - EIGER Adventure Store Bintaro Utama Tangerang;KOTA TANGERANG SELATAN;BANTEN
REGION 1;DKI 2;2203;2203 - EIGER Adventure Store Jatiwaringin Bekasi;KOTA BEKASI;JAWA BARAT
REGION 2;JAWA BARAT 4;5184;5184 - EIGER Adventure Store The Grand Outlet Karawang;KABUPATEN KARAWANG;JAWA BARAT
REGION 1;DKI 3;2116;2116 - EIGER Adventure Store Cokroaminoto Tangerang;KOTA TANGERANG;BANTEN
REGION 3;JAWA TENGAH 1;2118;2118 - EIGER Adventure Store Taman Siswa Yogyakarta;KOTA YOGYAKARTA;DIY
REGION 1;DKI 3;5074;5074 - EIGER Adventure Store TangCity Tangerang;KOTA TANGERANG;BANTEN
REGION 3;SUMATERA 2;2414;2414 - EIGER Adventure Store A Yani Bengkalis;KABUPATEN BENGKALIS;RIAU
REGION 4;JAWA TIMUR 2;2066;2066 - EIGER Adventure Store A.Yani Banyuwangi;KABUPATEN BANYUWANGI;JAWA TIMUR
REGION 4;JAWA TIMUR 3;2049;2049 - EIGER Adventure Store Panglima Sudirman Gresik;KABUPATEN GRESIK;JAWA TIMUR
REGION 3;JAWA TENGAH 2;2201;2201 - EIGER Adventure Store Soekarno Hatta Kendal;KABUPATEN KENDAL;JAWA TENGAH
REGION 2;JAWA BARAT 4;2207;2207 - EIGER Adventure Store Kondang Majalaya Bandung;KABUPATEN BANDUNG;JAWA BARAT
REGION 3;JAWA TENGAH 2;2421;2421-EIGER Store Jen Sudirman Semarang;KOTA SEMARANG;JAWA TENGAH
REGION 2;JAWA BARAT 4;2184;2184 - EIGER Adventure Store KH Abdulah Cianjur;KABUPATEN CIANJUR;JAWA BARAT
REGION 5;IBT 2;2261;2261 - EIGER Adventure Store MT Haryono Kendari;KOTA KENDARI;SULAWESI TENGGARA
REGION 4;JAWA TIMUR 1;2036;2036 - EIGER Adventure Store Basuki Rahmat Surabaya;KOTA SURABAYA;JAWA TIMUR
REGION 1;DKI 3;2283;2283 - EIGER Adventure Store A.Yani Serang;KOTA SERANG;BANTEN
REGION 3;JAWA TENGAH 1;2053;2053 - EIGER Adventure Store Slamet Riyadi Surakarta;KOTA SURAKARTA;JAWA TENGAH
REGION 2;JAWA BARAT 4;7013;7013 - EIGER Adventure Store Raya Klari Karawang;KABUPATEN KARAWANG;JAWA BARAT
REGION 2;JAWA BARAT 3;7012;7012 - EIGER Adventure Store Cimanuk Pedes Garut;KABUPATEN GARUT;JAWA BARAT
REGION 2;JAWA BARAT 4;5036;5036 - EIGER Adventure Store Karawang Ctr Plaza Karawang;KABUPATEN KARAWANG;JAWA BARAT
REGION 2;JAWA BARAT 4;7025;7025 - EIGER Adventure Store Kertabumi Karawang;KABUPATEN KARAWANG;JAWA BARAT
REGION 2;JAWA BARAT 3;2068;2068 - EIGER Adventure Flagship Store Jatinangor Sumedang;KABUPATEN SUMEDANG;JAWA BARAT
REGION 4;JAWA TIMUR 2;7008;7008 - EIGER Adventure Store Kawi Kepanjen Malang;KABUPATEN MALANG;JAWA TIMUR
REGION 4;JAWA TIMUR 2;5042;5042 - EIGER Adventure Store Malang Olympic Garden Malang;KOTA MALANG;JAWA TIMUR
REGION 3;JAWA TENGAH 2;7003;7003 - EIGER Adventure Store A.Yani Cilacap;KABUPATEN CILACAP;JAWA TENGAH
REGION 4;JAWA TIMUR 3;2348;2348 - EIGER Adventure Store Mojosari Mojokerto;KABUPATEN MOJOKERTO;JAWA TIMUR
REGION 3;JAWA TENGAH 1;7017;7017 - EIGER Adventure Store Ahmad Dahlan Purworejo;KABUPATEN PURWOREJO;JAWA TENGAH
REGION 3;JAWA TENGAH 1;7016;7016 - EIGER Adventure Store Pandanaran Boyolali;KABUPATEN BOYOLALI;JAWA TENGAH
REGION 3;JAWA TENGAH 1;7047;7047 - EIGER Adventure Store A.Yani Magelang;KOTA MAGELANG;JAWA TENGAH
REGION 3;JAWA TENGAH 2;7018;7018 - EIGER Adventure Store Jen.Sudirman Pemalang;KABUPATEN PEMALANG;JAWA TENGAH
REGION 1;DKI 3;2440;2440 - ST EG CISAUK;KABUPATEN TANGERANG;BANTEN
REGION 1;DKI 3;7002;7002 - EIGER Adventure Store Serpong Tangerang;KOTA TANGERANG SELATAN;BANTEN
REGION 3;JAWA TENGAH 2;2224;2224 - EIGER Adventure Store Ngaliyan Semarang;KOTA SEMARANG;JAWA TENGAH
REGION 2;JAWA BARAT 2;2003;2003 - EIGER Adventure Store Pelajar Pejuang Bandung;KOTA BANDUNG;JAWA BARAT
REGION 3;JAWA TENGAH 2;2113;2113 - EIGER Adventure Store A.Yani Wonosobo;KABUPATEN WONOSOBO;JAWA TENGAH
REGION 3;SUMATERA 3;2241;2241 - EIGER Adventure Store Suprapto Tebing Tinggi;KOTA TEBING TINGGI;SUMATERA UTARA
REGION 3;SUMATERA 3;2245;2245 - EIGER Adventure Store A.Yani Rantau Prapat;KABUPATEN LABUHANBATU;SUMATERA UTARA
REGION 3;SUMATERA 3;2104;2104 - EIGER Adventure Store Sutomo PematangSiantar;KOTA PEMATANG SIANTAR;SUMATERA UTARA
REGION 5;IBT 2;2419;2419 - EIGER Adventure Store Tanjung Bunga Makassar;KOTA MAKASSAR;SULAWESI SELATAN
REGION 3;JAWA TENGAH 2;2202;2202 - EIGER Adventure Store Diponegoro Ungaran Semarang;KABUPATEN SEMARANG;JAWA TENGAH
REGION 3;JAWA TENGAH 2;2032;2032 - EIGER Adventure Store Katamso Semarang;KOTA SEMARANG;JAWA TENGAH
REGION 4;JAWA TIMUR 3;2109;2109 - EIGER Adventure Store Gusdur Jombang;KABUPATEN JOMBANG;JAWA TIMUR
REGION 1;DKI 4;2013;2013 - EIGER Adventure Flagship Store Siliwangi Bogor;KOTA BOGOR;JAWA BARAT
REGION 1;DKI 4;2328;2328 - EIGER Adventure Store Parung Depok;KOTA DEPOK;JAWA BARAT
REGION 1;DKI 4;5014;5014 - EIGER Adventure Store Botani Square Bogor;KOTA BOGOR;JAWA BARAT
REGION 5;IBT 2;5122;5122 - EIGER Adventure Store Grand Mall Maros;KABUPATEN MAROS;SULAWESI SELATAN
REGION 5;IBT 4;7043;7043 - EIGER Adventure Store Pahlawan Revolusi Ternate;KOTA TERNATE;MALUKU
REGION 4;JAWA TIMUR 3;2336;2336 - EIGER Adventure Store A.Yani Pacitan;KABUPATEN PACITAN;JAWA TIMUR
REGION 2;JAWA BARAT 2;2397;2397 - EIGER Tactical Store Sumatera Bandung;KOTA BANDUNG;JAWA BARAT
REGION 1;DKI 1;5025;5025 - EIGER Adventure Store Mall Atrium Tanah Abang;KOTA JAKARTA PUSAT;DKI JAKARTA
REGION 5;IBT 2;2218;2218 - EIGER Adventure Store Moh Hatta Luwuk;KABUPATEN BANGGAI;SULAWESI TENGAH
REGION 2;SUMATERA 1;2079;2079 - EIGER Adventure Store Rajawali Pelembang;KOTA PALEMBANG;SUMATERA SELATAN
REGION 3;SUMATERA 2;2353;2353 - EIGER Adventure Store Soetomo Siak;KABUPATEN SIAK;RIAU
REGION 4;JAWA TIMUR 3;7004;7004 - EIGER Adventure Store Gajah Mada Ponorogo;KABUPATEN PONOROGO;JAWA TIMUR
REGION 5;IBT 3;2018;2018 - EIGER Adventure Flagship Store Sunset Road Mengwi;KABUPATEN BADUNG;BALI
REGION 2;JAWA BARAT 2;5165;5165 - EIGER Adventure Store Summarecon Mall Bandung;KOTA BANDUNG;JAWA BARAT
REGION 3;SUMATERA 2;2197;2197 - EIGER Adventure Store Riau Pekanbaru;KOTA PEKANBARU;RIAU
REGION 2;JAWA BARAT 1;2009;2009 - EIGER Adventure Store Setiabudhi Bandung;KOTA BANDUNG;JAWA BARAT
REGION 1;DKI 1;2067;2067 - EIGER Adventure Store Salemba Tanah Abang;KOTA JAKARTA PUSAT;DKI JAKARTA
REGION 1;DKI 2;2367;2367 - EIGER Adventure Store Pinang Ranti Cakung;KOTA JAKARTA TIMUR;DKI JAKARTA
REGION 5;IBT 2;2266;2266 - EIGER Adventure Flagship Store Andi Djemma Makassar;KOTA MAKASSAR;SULAWESI SELATAN
REGION 5;IBT 3;2024;2024 - EIGER Adventure Store Cak Doko Kupang;KOTA KUPANG;NTT
REGION 2;JAWA BARAT 4;2239;2239 - EIGER Adventure Store Siliwangi Cibadak Sukabumi;KABUPATEN SUKABUMI;JAWA BARAT
REGION 5;IBT 1;7023;7023 - EIGER Adventure Store Slamet Riyadi Samarinda;KOTA SAMARINDA;KALIMANTAN TIMUR
REGION 2;SUMATERA 1;5048;5048 - EIGER Adventure Store Palembang Square Pelembang;KOTA PALEMBANG;SUMATERA SELATAN
REGION 1;DKI 2;2265;2265 - EIGER Adventure Store Hankam Bekasi;KOTA BEKASI;JAWA BARAT
REGION 5;IBT 1;2060;2060 - EIGER Adventure Store M Yamin Samarinda;KOTA SAMARINDA;KALIMANTAN TIMUR
REGION 1;DKI 2;2178;2178 - EIGER Adventure Store Jati Asih Bekasi;KOTA BEKASI;JAWA BARAT
REGION 2;JAWA BARAT 3;5017;5017 - EIGER Adventure Store Grage Mall Cirebon;KOTA CIREBON;JAWA BARAT
REGION 1;DKI 4;2008;2008 - EIGER Adventure Store Pajajaran Bogor;KOTA BOGOR;JAWA BARAT
REGION 1;DKI 1;2122;2122 - EIGER Adventure Store Kelapa Gading Tanjungpriok;KOTA JAKARTA UTARA;DKI JAKARTA
REGION 3;JAWA TENGAH 2;2085;2085 - EIGER Adventure Store Sunan Kudus;KABUPATEN KUDUS;JAWA TENGAH
REGION 4;JAWA TIMUR 1;2077;2077 - EIGER Adventure Store Pahlawan Sidoarjo;KABUPATEN SIDOARJO;JAWA TIMUR
REGION 4;JAWA TIMUR 2;2242;2242 - EIGER Adventure Store Sudirman Probolinggo;KOTA PROBOLINGGO;JAWA TIMUR
REGION 4;JAWA TIMUR 2;2258;2258 - EIGER Adventure Store Diponegoro Bondowoso;KABUPATEN BONDOWOSO;JAWA TIMUR
REGION 5;IBT 3;2284;2284 - EIGER Adventure Store TDM Kupang;KOTA KUPANG;NTT
REGION 5;IBT 2;2125;2125 - EIGER Adventure Store Pengayoman Makassar;KOTA MAKASSAR;SULAWESI SELATAN
REGION 5;IBT 2;2268;2268 - EIGER Adventure Store A.Yani Bone Watampone;KABUPATEN BONE;SULAWESI SELATAN
REGION 5;IBT 2;2262;2262 - EIGER Adventure Store Sam Ratulangi Bulukumba;KABUPATEN BULUKUMBA;SULAWESI SELATAN
REGION 1;DKI 1;2135;2135 - EIGER Adventure Store Kemanggisan Grogol Petamburan;KOTA JAKARTA BARAT;DKI JAKARTA
REGION 1;DKI 2;2309;2309 - EIGER Adventure Store Rawamangun Cakung;KOTA JAKARTA TIMUR;DKI JAKARTA
REGION 1;DKI 4;2393;2393 - EIGER Adventure Store Grand Depok Depok;KOTA DEPOK;JAWA BARAT
REGION 5;IBT 3;2332;2332 - EIGER Adventure Store Canggu Mengwi;KABUPATEN BADUNG;BALI
REGION 2;JAWA BARAT 4;2090;2090 - EIGER Adventure Store Jen.Sudirman Purwakarta;KABUPATEN PURWAKARTA;JAWA BARAT
REGION 2;JAWA BARAT 4;2458;2458 - EIGER Adventure Store Ciranjang Cianjur;KABUPATEN CIANJUR;JAWA BARAT
REGION 4;JAWA TIMUR 2;2448;2448 - Eiger Store Pattimura Pasuruan;KOTA PASURUAN;JAWA TIMUR
REGION 2;SUMATERA 1;2129;2129 - EIGER Adventure Store Iskandar Pelembang;KOTA PALEMBANG;SUMATERA SELATAN
REGION 1;DKI 4;2180;2180 - EIGER Adventure Store Dramaga Bogor;KABUPATEN BOGOR;JAWA BARAT
REGION 2;SUMATERA 1;2225;2225 - EIGER Adventure Store Antasari Bandar Lampung;KOTA BANDAR LAMPUNG;LAMPUNG
REGION 3;SUMATERA 2;2321;2321 - EIGER Adventure Store Sipin Jambi;KOTA JAMBI;JAMBI
REGION 3;JAWA TENGAH 1;2410;2410 - EIGER Adventure Store Parangtritis Yogyakarta;KABUPATEN BANTUL;DIY
REGION 2;SUMATERA 1;2267;2267 - EIGER Adventure Store Masjid Jamik Pangkal Pinang;KOTA PANGKALPINANG;KEP. BANGKA BELITUNG
REGION 4;JAWA TIMUR 1;2346;2346 - EIGER Adventure Store Ruko Gateway Waru Sidoarjo;KABUPATEN SIDOARJO;JAWA TIMUR
REGION 4;JAWA TIMUR 1;5064;5064 - EIGER Adventure Store Plaza Tunjungan II Surabaya;KOTA SURABAYA;JAWA TIMUR
REGION 4;JAWA TIMUR 1;2398;2398 - EIGER Adventure Flagship Store Manyar 2 Surabaya;KOTA SURABAYA;JAWA TIMUR
REGION 2;JAWA BARAT 4;2437;2437 - EIGER Adventure Store Kosasih Sukabumi;KOTA SUKABUMI;JAWA BARAT
REGION 1;DKI 1;5026;5026 - EIGER Adventure Store Kota Kasablanka Mall Kebayoran Baru;KOTA JAKARTA SELATAN;DKI JAKARTA
REGION 1;DKI 2;9007;9007-BAZ EG OL BOGOR;KOTA BOGOR;JAWA BARAT
REGION 2;JAWA BARAT 1;2428;2428 - EIGER Adventure Store Paskal Bandung;KOTA BANDUNG;JAWA BARAT
REGION 1;DKI 2;2120;2120 - EIGER Adventure Store Narogong Bekasi;KOTA BEKASI;JAWA BARAT
REGION 1;DKI 1;2271;2271 - EIGER Adventure Store Tebet Kebayoran Baru;KOTA JAKARTA SELATAN;DKI JAKARTA
REGION 4;JAWA TIMUR 2;2105;2105 - EIGER Adventure Store Wachid Hasyim Pasuruan;KOTA PASURUAN;JAWA TIMUR
REGION 2;JAWA BARAT 4;2304;2304 - EIGER Adventure Store Parahyangan KBP Ngamprah;KABUPATEN BANDUNG BARAT;JAWA BARAT
REGION 3;JAWA TENGAH 2;2276;2276 - EIGER Adventure Store A.Yani Blora;KABUPATEN BLORA;JAWA TENGAH
REGION 4;JAWA TIMUR 3;2025;2025 - EIGER Adventure Store Kol.Mahardi Madiun;KOTA MADIUN;JAWA TIMUR
REGION 2;JAWA BARAT 2;2007;2007 - EIGER Adventure Store Ujung Berung Bandung;KOTA BANDUNG;JAWA BARAT
REGION 3;JAWA TENGAH 1;2152;2152 - EIGER Adventure Store Pemuda Kebumen;KABUPATEN KEBUMEN;JAWA TENGAH
REGION 3;JAWA TENGAH 2;2264;2264 - EIGER Adventure Store Pemuda Jepara;KABUPATEN JEPARA;JAWA TENGAH
REGION 3;JAWA TENGAH 2;2185;2185 - EIGER Adventure Store Jen.Sudirman Purbalingga;KABUPATEN PURBALINGGA;JAWA TENGAH
REGION 3;JAWA TENGAH 2;2427;2427 - EIGER Store Wachidin Batang;KABUPATEN BATANG;JAWA TENGAH
REGION 3;JAWA TENGAH 2;7053;7053 - EIGER Adventure Store Urip Pekalongan;KOTA PEKALONGAN;JAWA TENGAH
REGION 2;JAWA BARAT 3;2420;2420 - EIGER Adventure Store Rancaekek Soreang;KABUPATEN BANDUNG;JAWA BARAT
REGION 2;JAWA BARAT 1;2231;2231 - EIGER Adventure Store Kepatihan Bandung;KOTA BANDUNG;JAWA BARAT
REGION 2;JAWA BARAT 1;5000;5000 - EIGER Adventure Store Bandung Indah Plaza Bandung;KOTA BANDUNG;JAWA BARAT
REGION 2;JAWA BARAT 1;9002;9002-EAS BAZAAR JABAR 01 1;KOTA BANDUNG;JAWA BARAT
REGION 5;IBT 4;2300;2300 - EIGER Adventure Store Leo Watimena Ambon;KOTA AMBON;MALUKU
REGION 2;JAWA BARAT 2;2447;2447 - EIGER Adventure Store Purwakarta Bandung;KOTA PURWAKARTA;JAWA BARAT
REGION 3;SUMATERA 3;2378;2378 - EIGER Adventure Store A.H.Nasution Medan;KOTA MEDAN;SUMATERA UTARA
REGION 3;SUMATERA 3;7040;7040 - EIGER Adventure Store Panglima Polem Banda Aceh;KOTA BANDA ACEH;ACEH
REGION 5;IBT 1;2280;2280 - EIGER Adventure Store Tanjung;KABUPATEN TABALONG;KALIMANTAN SELATAN
REGION 1;DKI 3;2236;2236 - EIGER Adventure Store H.Ashari Cipondoh Tangerang;KOTA TANGERANG;BANTEN
REGION 5;IBT 3;2159;2159 - EIGER Adventure Store Soekarno Tabanan;KABUPATEN TABANAN;BALI
REGION 4;JAWA TIMUR 2;2029;2029 - EIGER Adventure Store Soekarno Hatta Malang;KOTA MALANG;JAWA TIMUR
REGION 5;IBT 2;2228;2228 - EIGER Adventure Store Perintis Makassar;KOTA MAKASSAR;SULAWESI SELATAN
REGION 4;JAWA TIMUR 1;2439;2439 - EIGER Adventure Store Kapas Krampung Surabaya;KOTA SURABAYA;JAWA TIMUR
REGION 2;JAWA BARAT 3;2127;2127 - EIGER Adventure Store Sumber Cirebon;KABUPATEN CIREBON;JAWA BARAT
REGION 2;JAWA BARAT 3;5089;5089 - EIGER Adventure Store Plaza Asia Tasikmalaya;KOTA TASIKMALAYA;JAWA BARAT
REGION 2;JAWA BARAT 4;2449;2449 - EIGER Adventure Store Martasasmita Subang;KABUPATEN SUBANG;JAWA BARAT
REGION 1;DKI 2;2223;2223 - EIGER Adventure Store RE Martadinata Cikarang;KABUPATEN BEKASI;JAWA BARAT
REGION 4;JAWA TIMUR 2;2069;2069 - EIGER Adventure Store Karimata Jember;KABUPATEN JEMBER;JAWA TIMUR
REGION 3;SUMATERA 2;2205;2205 - EIGER Adventure Store Jen.Sudirman Bengkalis;KABUPATEN BENGKALIS;RIAU
REGION 1;DKI 3;2176;2176 - EIGER Adventure Store Raya Serang Pandeglang;KABUPATEN PANDEGLANG;BANTEN
REGION 1;DKI 4;2413;2413 - EIGER Woman & Junior Store Margonda Depok;KOTA DEPOK;JAWA BARAT
REGION 4;JAWA TIMUR 3;2194;2194 - EIGER Adventure Store A.Yani Magetan;KABUPATEN MAGETAN;JAWA TIMUR
REGION 3;JAWA TENGAH 2;2281;2281 - EIGER Adventure Store Pemuda Banjarnegara;KABUPATEN BANJARNEGARA;JAWA TENGAH
REGION 2;JAWA BARAT 4;2011;2011 - EIGER Adventure Store Amir Machmud Cimahi;KOTA CIMAHI;JAWA BARAT
REGION 1;DKI 3;2189;2189 - EIGER Adventure Store S.Kalijaga Rangkas Bitung;KABUPATEN LEBAK;BANTEN
REGION 3;JAWA TENGAH 2;7015;7015 - EIGER Adventure Store Ruko AR Hakim Square Tegal;KOTA TEGAL;JAWA TENGAH
REGION 3;JAWA TENGAH 2;5056;5056 - EIGER Adventure Store Citraland Mall Semarang;KOTA SEMARANG;JAWA TENGAH
REGION 2;JAWA BARAT 4;2131;2131 - EIGER Adventure Store Bojongsoang Bandung;KABUPATEN BANDUNG;JAWA BARAT
REGION 3;JAWA TENGAH 2;2303;2303 - EIGER Adventure Store Pemuda Rembang;KABUPATEN REMBANG;JAWA TENGAH
REGION 1;DKI 3;2130;2130 - EIGER Adventure Store Daan Mogot Tangerang;KOTA TANGERANG;BANTEN
REGION 2;JAWA BARAT 3;2301;2301 - EIGER Adventure Store Yudanegara Tasikmalaya;KOTA TASIKMALAYA;JAWA BARAT
REGION 2;JAWA BARAT 3;2168;2168 - EIGER Adventure Store Tentara Pelajar Tasikmalaya;KOTA TASIKMALAYA;JAWA BARAT
REGION 2;JAWA BARAT 3;7011;7011 - EIGER Adventure Store DI Panjaitan Indramayu;KABUPATEN INDRAMAYU;JAWA BARAT
REGION 3;JAWA TENGAH 1;2306;2306 - EIGER Adventure Store Lawu Cerbonan Karanganyar;KABUPATEN KARANGANYAR;JAWA TENGAH
REGION 4;JAWA TIMUR 1;5181;5181 - EIGER Adventure Fac Str BG Junction Mall Sby;KOTA SURABAYA;JAWA TIMUR
REGION 3;JAWA TENGAH 2;2442;2442 - Eiger Store R Supratpto Purwodadi;KABUPATEN GROBOGAN;JAWA TENGAH
REGION 4;JAWA TIMUR 3;7034;7034 - EIGER Adventure Store Yos Sudarso Nganjuk;KABUPATEN NGANJUK;JAWA TIMUR
REGION 2;JAWA BARAT 2;2041;2041 - EIGER Adventure Store Buah Batu Bandung;KOTA BANDUNG;JAWA BARAT
REGION 2;JAWA BARAT 3;2220;2220 - EIGER Adventure Store Juanda Ciamis;KABUPATEN CIAMIS;JAWA BARAT
REGION 3;JAWA TENGAH 1;2299;2299 - EIGER Adventure Store A.Yani Kertasuro Sukoharjo;KABUPATEN SUKOHARJO;JAWA TENGAH
REGION 2;SUMATERA 1;2291;2291 - EIGER Adventure Store Jen.Sudirman Muara Enim;KABUPATEN MUARA ENIM;SUMATERA SELATAN
REGION 5;IBT 2;2292;2292 - EIGER Adventure Store Pemuda Kolaka;KABUPATEN KOLAKA;SULAWESI TENGGARA
REGION 4;JAWA TIMUR 3;2023;2023 - EIGER Adventure Store Pattimura Kediri;KOTA KEDIRI;JAWA TIMUR
REGION 3;JAWA TENGAH 1;7051;7051 - EIGER Adventure Store Godean Yogyakarta;KABUPATEN SLEMAN;JAWA TENGAH
REGION 4;JAWA TIMUR 3;7035;7035 - EIGER Adventure Store Jen.Sudirman Trenggalek;KABUPATEN TRENGGALEK;JAWA TIMUR
REGION 4;JAWA TIMUR 2;5105;5105 - EIGER Adventure Store Lippo Plaza Jember;KABUPATEN JEMBER;JAWA TIMUR
REGION 3;JAWA TENGAH 1;2259;2259 - EIGER Adventure Store MT Haryono Temanggung;KABUPATEN TEMANGGUNG;JAWA TENGAH
REGION 4;JAWA TIMUR 1;2334;2334 - EIGER Adventure Store Jonosewojo Bkt Darmo Surabaya;KOTA SURABAYA;JAWA TIMUR
REGION 2;JAWA BARAT 3;7056;7056 - EIGER Adventure Store P Walangsungsang Cirebon;KABUPATEN CIREBON;JAWA BARAT
REGION 2;JAWA BARAT 3;2100;2100 - EIGER Adventure Store Jen.Sudirman Kuningan;KABUPATEN KUNINGAN;JAWA BARAT
REGION 2;JAWA BARAT 4;2305;2305 - EIGER Adventure Store Lembang Bandung Barat;KABUPATEN BANDUNG BARAT;JAWA BARAT
REGION 1;DKI 1;9016;9016-BAZ EG OL VI;KOTA JAKARTA SELATAN;DKI JAKARTA
REGION 3;SUMATERA 2;7024;7024 - EIGER Adventure Store Panam Pekanbaru;KOTA PEKANBARU;RIAU
REGION 3;SUMATERA 2;5052;5052 - EIGER Adventure Store Mall SKA Pekanbaru;KOTA PEKANBARU;RIAU
REGION 3;SUMATERA 2;7041;7041 - EIGER Adventure Store Kaharuddin Marpoyan Pekanbaru;KOTA PEKANBARU;RIAU
REGION 3;SUMATERA 3;2056;2056 - EIGER Adventure Store Setiabudi Medan;KOTA MEDAN;SUMATERA UTARA
REGION 1;DKI 4;7052;7052 - EIGER Adventure Store Pasirkuda Bogor;KOTA BOGOR;JAWA BARAT
REGION 3;JAWA TENGAH 2;7033;7033 - EIGER Adventure Store Kol. Sunandar Pati;KABUPATEN PATI;JAWA TENGAH
REGION 4;JAWA TIMUR 3;2208;2208 - EIGER Adventure Store Jakgung Suprapto Ngawi;KABUPATEN NGAWI;JAWA TIMUR
REGION 5;IBT 2;2426;2426-Eiger Store Muh Yamin Polewali;KABUPATEN POLEWALI MANDAR;KABUPATEN POLEWALI MANDAR
REGION 3;SUMATERA 3;2326;2326 - EIGER Adventure Store Merdeka Lhokseumawe;KOTA LHOKSEUMAWE;ACEH
REGION 2;JAWA BARAT 4;7032;7032 - EIGER Adventure Store Raya Barat Cimahi;KOTA CIMAHI;JAWA BARAT
REGION 2;SUMATERA 1;2102;2102 - EIGER Adventure Store Plaju Pelembang;KOTA PALEMBANG;SUMATERA SELATAN
REGION 5;IBT 3;2272;2272 - EIGER Adventure Store Ngurah Rai Singaraja;KABUPATEN BULELENG;BALI
REGION 4;JAWA TIMUR 2;7007;7007 - EIGER Adventure Store Panglima Sudirman Lumajang;KABUPATEN LUMAJANG;JAWA TIMUR
REGION 3;JAWA TENGAH 2;2315;2315 - EIGER Adventure Store Pemuda Demak;KABUPATEN DEMAK;JAWA TENGAH
REGION 3;JAWA TENGAH 2;2052;2052 - EIGER Adventure Store Patimura Salatiga;KOTA SALATIGA;JAWA TENGAH
REGION 5;IBT 3;2382;2382 - EIGER Adventure Store Uluwatu Mengwi;KABUPATEN BADUNG;BALI
REGION 5;IBT 1;7036;7036 - EIGER Adventure Store MT Haryono Balikpapan;KOTA BALIKPAPAN;KALIMANTAN TIMUR
REGION 4;JAWA TIMUR 2;2215;2215 - EIGER Adventure Store Diponegoro Banyuwangi;KABUPATEN BANYUWANGI;JAWA TIMUR
REGION 5;IBT 3;2322;2322 - EIGER Adventure Store Gajah Mada Maumere;KABUPATEN SIKKA;NTT
REGION 2;JAWA BARAT 3;2372;2372 - EIGER Adventure Store Wonoharjo Parigi;KABUPATEN PANGANDARAN;JAWA BARAT
REGION 4;JAWA TIMUR 3;2044;2044 - EIGER Adventure Store Pahlawan Mojokerto;KOTA MOJOKERTO;JAWA TIMUR
REGION 5;IBT 3;2121;2121 - EIGER Adventure Store Gatot Subroto Denpasar;KOTA DENPASAR;BALI
REGION 5;IBT 2;2083;2083 - EIGER Adventure Store Laode Hadi Kendari;KOTA KENDARI;SULAWESI TENGGARA
REGION 5;IBT 1;5108;5108 - EIGER Adventure Store Mega Mall Pontianak;KOTA PONTIANAK;KALIMANTAN BARAT
REGION 3;SUMATERA 3;2316;2316 - EIGER Adventure Store Jamin Ginting Kabanjahe;KABUPATEN KARO;SUMATERA UTARA
REGION 3;JAWA TENGAH 1;7014;7014 - EIGER Adventure Store Soekarno Solo Baru Sukoharjo;KABUPATEN SUKOHARJO;JAWA TENGAH
REGION 3;SUMATERA 3;7038;7038 - EIGER Adventure Store Jen.Sudirman Lubuk Pakam;KABUPATEN DELI SERDANG;SUMATERA UTARA
REGION 5;IBT 1;2308;2308 - EIGER Adventure Store Akhmad Muksin Tenggarong;KABUPATEN KUTAI KERTANEGARA;KALIMANTAN TIMUR
REGION 1;DKI 1;2337;2337 - EIGER Adventure Store Pluit Tanjungpriok;KOTA JAKARTA UTARA;DKI JAKARTA
REGION 5;IBT 3;2229;2229 - EIGER Adventure Store Soekarno Hatta Bima;KOTA BIMA;NTB
REGION 3;JAWA TENGAH 1;7005;7005 - EIGER Adventure Store Pemuda Klaten;KABUPATEN KLATEN;JAWA TENGAH
REGION 4;JAWA TIMUR 1;2330;2330 - EIGER Adventure Store Cemengkalang Sidoarjo;KABUPATEN SIDOARJO;JAWA TIMUR
REGION 1;DKI 1;5164;5164 - EIGER Adventure Store Blok M Plaza Kebayoran Baru;KOTA JAKARTA SELATAN;DKI JAKARTA
REGION 1;DKI 2;5162;5162 - EIGER Tactical Store Cijantung Cakung;KOTA JAKARTA TIMUR;DKI JAKARTA
REGION 1;DKI 4;7039;7039 - EIGER Adventure Store Hasanuddin Samarinda;KOTA DEPOK;JAWA BARAT
REGION 2;SUMATERA 1;2140;2140 - EIGER Adventure Store Sriwijaya Tanjung Pandan;KABUPATEN BELITUNG;KEP. BANGKA BELITUNG
REGION 3;SUMATERA 3;2196;2196 - EIGER Adventure Store Cokroaminoto Kisaran;KABUPATEN ASAHAN;SUMATERA UTARA
REGION 5;IBT 3;2016;2016 - EIGER Adventure Store Teuku Umar Denpasar;KOTA DENPASAR;BALI
REGION 5;IBT 1;2244;2244 - EIGER Adventure Store A.Yani Balikpapan;KOTA BALIKPAPAN;KALIMANTAN TIMUR
REGION 3;SUMATERA 3;2438;2438 - EIGER Adventure Store D I Panjaitan Tarutung;KABUPATEN TAPANULI UTARA;SUMATERA UTARA
REGION 5;IBT 4;2045;2045 - EIGER Adventure Store A.Yani Ambon;KOTA AMBON;MALUKU
REGION 1;DKI 2;2269;2269 - EIGER Adventure Store Kalimalang Cakung;KOTA JAKARTA TIMUR;DKI JAKARTA
REGION 2;JAWA BARAT 3;2313;2313 - EIGER Adventure Store Siliwangi Cirebon;KOTA CIREBON;JAWA BARAT
REGION 2;JAWA BARAT 3;2015;2015 - EIGER Adventure Store Dr Cipto CSB Cirebon;KOTA CIREBON;JAWA BARAT
REGION 2;SUMATERA 1;2422;2422 - EIGER Adventure Store Pagar Alam Bandar Lampung;KOTA BANDAR LAMPUNG;SUMATERA SELATAN
REGION 3;JAWA TENGAH 1;2278;2278 - EIGER Adventure Store Jen.Sudirman Bantul;KABUPATEN BANTUL;DIY
REGION 4;JAWA TIMUR 1;2219;2219 - EIGER Adventure Store Raya Mastrip Surabaya;KOTA SURABAYA;JAWA TIMUR
REGION 4;JAWA TIMUR 1;2270;2270 - EIGER Adventure Store Trunojoyo Bangkalan;KABUPATEN BANGKALAN;JAWA TIMUR
REGION 4;JAWA TIMUR 1;7027;7027 - EIGER Adventure Store Diponegoro Surabaya;KOTA SURABAYA;JAWA TIMUR
REGION 2;JAWA BARAT 2;2387;2387 - EIGER Adventure Store Surapati Bandung;KOTA BANDUNG;JAWA BARAT
REGION 2;JAWA BARAT 4;2302;2302 - EIGER Adventure Store Juanda Karawang;KABUPATEN KARAWANG;JAWA BARAT
REGION 2;SUMATERA 1;9013;9013-BAZ PALEMBANG SQUARE;KOTA PALEMBANG;SUMATERA SELATAN
REGION 5;IBT 1;2263;2263 - EIGER Adventure Store Yos Sudarso Sanggatta;KABUPATEN KUTAI TIMUR;KALIMANTAN TIMUR
REGION 5;IBT 3;2356;2356 - EIGER Adventure Store Ngurah Rai Sanur Denpasar;KOTA DENPASAR;BALI
REGION 1;DKI 4;2187;2187 - EIGER Adventure Store Cinere Depok;KOTA DEPOK;JAWA BARAT
REGION 2;JAWA BARAT 4;7026;7026 - EIGER Adventure Store Kopo Bihbul Bandung;KABUPATEN BANDUNG;JAWA BARAT
REGION 4;JAWA TIMUR 3;2404;2404 - Eiger Store Veteran Bojonegoro;KABUPATEN BOJONEGORO;JAWA TIMUR
REGION 4;JAWA TIMUR 3;7020;7020 - EIGER Adventure Store Sunan Drajat Lamongan;KABUPATEN LAMONGAN;JAWA TIMUR
REGION 1;DKI 4;2191;2191 - EIGER Adventure Store Transyogi Cibubur Cibinong;KABUPATEN BOGOR;JAWA BARAT
REGION 2;JAWA BARAT 3;7010;7010 - EIGER Adventure Store Abdurahman Saleh Sumedang;KABUPATEN SUMEDANG;JAWA BARAT
REGION 4;JAWA TIMUR 2;2273;2273 - EIGER Adventure Store Pb Sudirman Situbondo;KABUPATEN SITUBONDO;JAWA TIMUR
REGION 4;JAWA TIMUR 3;2260;2260 - EIGER Adventure Store Pahlawan Kusuma Kediri;KABUPATEN KEDIRI;JAWA TIMUR
REGION 1;DKI 2;7028;7028 - EIGER Adventure Store Wisma Asri Bekasi;KOTA BEKASI;JAWA BARAT
REGION 1;DKI 2;2172;2172 - EIGER Adventure Store Cibarusah Bekasi;KABUPATEN BEKASI;JAWA BARAT
REGION 1;DKI 2;2188;2188 - EIGER Adventure Store Jatibening Bekasi;KOTA BEKASI;JAWA BARAT
REGION 3;JAWA TENGAH 2;2318;2318 - EIGER Adventure Store Diponegoro Brebes;KABUPATEN BREBES;JAWA TENGAH
REGION 3;JAWA TENGAH 1;2070;2070 - EIGER Adventure Store Cokroaminoto Yogyakarta;KOTA YOGYAKARTA;DIY
REGION 3;SUMATERA 2;2325;2325 - EIGER Adventure Store Sudirman The Hok Jambi;KOTA JAMBI;JAMBI
REGION 4;JAWA TIMUR 2;2099;2099 - EIGER Adventure Store Diponegoro TulungAgung;KABUPATEN TULUNGANGUNG;JAWA TIMUR
REGION 5;IBT 4;2317;2317 - EIGER Adventure Store Raya Manado Bitung;KOTA BITUNG;SULAWESI UTARA
REGION 1;DKI 4;5159;5159 - EIGER Adventure Store AEON Mall Sentul Cibinong;KABUPATEN BOGOR;JAWA BARAT
REGION 3;SUMATERA 3;2279;2279 - EIGER Adventure Store Simpang Empat Bireuen;KABUPATEN BIREUEN;ACEH
REGION 4;JAWA TIMUR 2;2246;2246 - EIGER Adventure Store Sawojajar Malang;KOTA MALANG;JAWA TIMUR
REGION 3;SUMATERA 2;2057;2057 - EIGER Adventure Store Damar Padang;KOTA PADANG;SUMATERA BARAT
REGION 5;IBT 1;2352;2352 - EIGER Adventure Store A.Yani Martapura Banjar;KABUPATEN BANJAR;KALIMANTAN SELATAN
REGION 4;JAWA TIMUR 2;2150;2150 - EIGER Adventure Store Veteran Blitar;KOTA BLITAR;JAWA TIMUR
REGION 4;JAWA TIMUR 1;2434;2434 - EIGER Adventure Store Trunojoyo Sumenep;KABUPATEN SUMENEP;JAWA TIMUR
REGION 5;IBT 2;2243;2243 - EIGER Adventure Store Batara Guru Bau-Bau;KOTA BAUBAU;SULAWESI TENGGARA
REGION 5;IBT 1;2432;2432-EIGER Store S Ibrahim Tanah Grogot;KABUPATEN PASER;KALIMANTAN TIMUR
REGION 3;SUMATERA 3;2368;2368 - EIGER Adventure Store Gunung Krakatau Medan;KOTA MEDAN;SUMATERA UTARA
REGION 5;IBT 1;7050;7050 - EIGER Adventure Store A.Yani Banjarbaru;KOTA BANJARBARU;KALIMANTAN SELATAN
REGION 4;JAWA TIMUR 1;5069;5069 - EIGER Adventure Store Royal Plaza Surabaya;KOTA SURABAYA;JAWA TIMUR
REGION 3;SUMATERA 3;2417;2417 - Eiger Adventure Store Batoh Aceh;KOTA BANDA ACEH;ACEH
REGION 3;SUMATERA 3;2364;2364 - EIGER Adventure Store Zainul Arifin Stabat;KABUPATEN LANGKAT;SUMATERA UTARA
REGION 3;JAWA TENGAH 1;2319;2319 - EIGER Adventure Store Magelang Sleman;KABUPATEN SLEMAN;DIY
REGION 2;SUMATERA 1;2373;2373 - EIGER Adventure Store Ruslan Lahat;KABUPATEN LAHAT;SUMATERA SELATAN
REGION 2;SUMATERA 1;2349;2349 - EIGER Adventure Store Kayu Agung Indralaya;KABUPATEN OGAN KOMERING ILIR;SUMATERA SELATAN
REGION 5;IBT 4;2345;2345 - EIGER Adventure Store HB Yasin Gorontalo;KOTA GORONTALO;GORONTALO
REGION 3;SUMATERA 3;2320;2320 - EIGER Adventure Store Juanda Medan;KOTA MEDAN;SUMATERA UTARA
REGION 1;DKI 4;2365;2365 - EIGER Adventure Store Cibinong Cibinong;KABUPATEN BOGOR;JAWA BARAT
REGION 1;DKI 4;2240;2240 - EIGER Adventure Store Citeureup Cibinong;KABUPATEN BOGOR;JAWA BARAT
REGION 5;IBT 2;7042;7042 - EIGER Adventure Store Perintis Daya Makassar;KOTA MAKASSAR;SULAWESI SELATAN
REGION 3;SUMATERA 3;2324;2324 - EIGER Adventure Store Majid Ibrahim Sigli;KOTA SIGLI;ACEH
REGION 5;IBT 1;2199;2199 - EIGER Adventure Store A.Yani Banjarmasin;KOTA BANJARMASIN;KALIMANTAN SELATAN
REGION 5;IBT 2;2226;2226 - EIGER Adventure Store Andi Makkasar Pare Pare;KOTA PAREPARE;SULAWESI SELATAN
REGION 3;SUMATERA 2;7044;7044 - EIGER Adventure Store Pelalawan Pangkalan Kerinci;KABUPATEN PELALAWAN;RIAU
REGION 3;SUMATERA 3;2351;2351 - EIGER Adventure Store SM Raja Balige;KABUPATEN TOBA;SUMATERA UTARA
REGION 4;JAWA TIMUR 1;7031;7031 - EIGER Adventure Store Rajawali Surabaya;KOTA SURABAYA;JAWA TIMUR
REGION 5;IBT 2;2286;2286 - EIGER Adventure Store Andi Djemma Palopo;KOTA PALOPO;SULAWESI SELATAN
REGION 4;JAWA TIMUR 1;2409;2409 - EIGER Woman & Junior Store Manyar Surabaya;KOTA SURABAYA;JAWA TIMUR
REGION 5;IBT 4;2343;2343 - EIGER Adventure Store Datoe Binangkang Kotamobagu;KOTA KOTAMOBAGU;SULAWESI UTARA
REGION 5;IBT 1;7055;7055 - EIGER Store Soetta Balikpapan;KOTA BALIKPAPAN;KALIMANTAN TIMUR
REGION 5;IBT 2;2431;2431-EIGER Store Palopo Gorontalo;KABUPATEN POHUWATO;GORONTALO
REGION 5;IBT 3;2124;2124 - EIGER Adventure Store A.Yani Waingapu;KABUPATEN SUMBA TIMUR;NTT
REGION 5;IBT 2;9021;9021-BAZ EG OL IBT;KOTA MAKASSAR;SULAWESI SELATAN
REGION 3;JAWA TENGAH 1;2327;2327 - EIGER Adventure Store Sukorejo Wonogiri;KABUPATEN WONOGIRI;JAWA TENGAH
REGION 5;IBT 1;5112;5112 - EIGER Adventure Store Q Mall Banjarbaru;KOTA BANJARMASIN;KALIMANTAN SELATAN
REGION 5;IBT 3;2355;2355 - EIGER Adventure Store Hasanudin Sumbawa Besar;KABUPATEN SUMBAWA;NTB
REGION 5;IBT 1;7046;7046 - EIGER Adventure Store Simpang Empat Batulicin;KABUPATEN TANAH BUMBU;KALIMANTAN SELATAN
REGION 5;IBT 3;7045;7045 - EIGER Adventure Store Gatot Subroto Ende;KABUPATEN ENDE;NTT
REGION 3;SUMATERA 3;2123;2123 - EIGER Adventure Store Marelan Medan;KOTA MEDAN;SUMATERA UTARA
REGION 4;JAWA TIMUR 1;7030;7030 - EIGER Adventure Store Sumur Putih Pamekasan;KABUPATEN PAMEKASAN;JAWA TIMUR
REGION 4;JAWA TIMUR 3;2182;2182 - EIGER Adventure Store Basuki Rahmat Tuban;KABUPATEN TUBAN;JAWA TIMUR
REGION 2;SUMATERA 1;2375;2375 - EIGER Adventure Store Lintas Sumatera Indralaya;KABUPATEN OGAN KOMERING ILIR;SUMATERA SELATAN
REGION 5;IBT 4;2363;2363 - EIGER Adventure Store Percetakan Negara Jayapura;KOTA JAYAPURA;PAPUA
REGION 5;IBT 3;2384;2384 - EIGER Adventure Store Jembrana Negara;KABUPATEN JEMBRANA;BALI
REGION 5;IBT 4;2385;2385 - EIGER Adventure Store Tanah Hitam Abepura Jayapura;KOTA JAYAPURA;PAPUA
REGION 5;IBT 4;2329;2329 - EIGER Adventure Store Budi Utomo Timika;KABUPATEN MIMIKA;PAPUA
REGION 2;SUMATERA 1;2374;2374 - EIGER Adventure Store Jen.Sudirman Prabumulih;KOTA PRABUMULIH;SUMATERA SELATAN
REGION 2;SUMATERA 1;2403;2403 - EIGER Adventure Store Jen. A.Yani Pringsewu;KABUPATEN PRINGSEWU;LAMPUNG
REGION 3;SUMATERA 3;2347;2347 - EIGER Adventure Store R.Suprapto Sibolga;KOTA SIBOLGA;SUMATERA UTARA
REGION 2;SUMATERA 1;2186;2186 - EIGER Adventure Store A.Yani Metro - Lampung;KOTA METRO;LAMPUNG
REGION 3;SUMATERA 3;2358;2358 - EIGER Adventure Store Sudirman Padang Sidempuan;KOTA PADANGSIDIMPUAN;SUMATERA UTARA
REGION 2;SUMATERA 1;2379;2379 - EIGER Adventure Store Yos Sudarso Lubuk Linggau;KOTA LUBUKLINGGAU;SUMATERA SELATAN
REGION 1;DKI 3;5158;5158 - EIGER Adventure Store Bandara Soetta Tangerang;KOTA TANGERANG;BANTEN
REGION 3;JAWA TENGAH 1;2424;2424 - EIGER Adventure Store Sukowati Sragen;KABUPATEN SRAGEN;JAWA TENGAH
REGION 3;SUMATERA 2;2354;2354 - EIGER Adventure Store Batang Bungo Muara Bungo;KABUPATEN BUNGO;JAMBI
REGION 2;SUMATERA 1;2416;2416 - EIGER Adventure Store Proklamator Gunung Sugih;KABUPATEN TERBANGGI BESAR;LAMPUNG
REGION 2;SUMATERA 1;5173;5173 - EIGER Adventure Store Bencoolen Mall Bengkulu;KOTA BENGKULU;BENGKULU
REGION 1;DKI 4;9009;9009-BAZ EG MARGONDA DEPOK;KOTA DEPOK;JAWA BARAT
REGION 5;IBT 3;2433;2433 - EIGER Adventure Store Bhayangkara Ruteng;KABUPATEN MANGGARAI;NUSA TENGGARA TIMUR
REGION 3;JAWA TENGAH 1;2342;2342 - EIGER Adventure Store Brig. Katamso Wonosari;KABUPATEN GUNUNG KIDUL;DIY
REGION 5;IBT 4;2383;2383 - EIGER Adventure Store Trikora Manokwari;KABUPATEN MANOKWARI;PAPUA BARAT
REGION 2;JAWA BARAT 1;9008;9008-BAZ EG EX BP OL JABAR V;KOTA BANDUNG;JAWA BARAT
REGION 3;SUMATERA 2;9031;9031-EAS BAZ SUM 02 3;KOTA PEKANBARU;RIAU
REGION 2;JAWA BARAT 1;9004;9004-BAZ EG EX BP OL III;KOTA BANDUNG;JAWA BARAT
REGION 2;JAWA BARAT 2;9015;9015-BAZ EG OL JABAR II;KOTA TASIKMALAYA;JAWA BARAT
REGION 5;IBT 1;2470;2470 - EIGER ST H Basri Banjarmasin;KOTA BANJARMASIN;KALIMANTAN SELATAN
REGION 5;IBT 1;2482;2482 - EIGER ST Gatot Subroto Banjarmasin;KOTA BANJARMASIN;KALIMANTAN SELATAN
